Time [s],Channel 2
-19.779493000,1
-0.000000000,0
0.002427000,1
0.002959000,0
0.004205000,1
0.004738000,0
0.005383000,1
0.005925000,0
0.007172000,1
0.007706000,0
0.008352000,1
0.008893000,0
0.010139000,1
0.010690000,0
0.011334000,1
0.011861000,0
0.012504000,1
0.013048000,0
0.014294000,1
0.014826000,0
0.015472000,1
0.016012000,0
0.016658000,1
0.017186000,0
0.017828000,1
0.018370000,0
0.019014000,1
0.044471000,0
0.046898000,1
0.047449000,0
0.048695000,1
0.049247000,0
0.049892000,1
0.050417000,0
0.051664000,1
0.052213000,0
0.052856000,1
0.053384000,0
0.054631000,1
0.055180000,0
0.055824000,1
0.056369000,0
0.057013000,1
0.057553000,0
0.058801000,1
0.059351000,0
0.059995000,1
0.060521000,0
0.061166000,1
0.061709000,0
0.062353000,1
0.062880000,0
0.063522000,1
0.088979000,0
0.091377000,1
0.091942000,0
0.093158000,1
0.093737000,0
0.094351000,1
0.094910000,0
0.096124000,1
0.096689000,0
0.097273000,1
0.097875000,0
0.099061000,1
0.099657000,0
0.100240000,1
0.100843000,0
0.101426000,1
0.102031000,0
0.103216000,1
0.103825000,0
0.104410000,1
0.105014000,0
0.105597000,1
0.106200000,0
0.106784000,1
0.107387000,0
0.107971000,1
0.133487000,0
0.135854000,1
0.136450000,0
0.137635000,1
0.138232000,0
0.138815000,1
0.139418000,0
0.140603000,1
0.141216000,0
0.141798000,1
0.142385000,0
0.143571000,1
0.144180000,0
0.144765000,1
0.145352000,0
0.145936000,1
0.146539000,0
0.147723000,1
0.148335000,0
0.148919000,1
0.149522000,0
0.150105000,1
0.150709000,0
0.151293000,1
0.151895000,0
0.152479000,1
0.177994000,0
0.180360000,1
0.180957000,0
0.182142000,1
0.182753000,0
0.183336000,1
0.183925000,0
0.185110000,1
0.185721000,0
0.186304000,1
0.186908000,0
0.188093000,1
0.188689000,0
0.189272000,1
0.189874000,0
0.190457000,1
0.191062000,0
0.192246000,1
0.192858000,0
0.193440000,1
0.194029000,0
0.194612000,1
0.195215000,0
0.195798000,1
0.196387000,0
0.196970000,1
0.222486000,0
0.224853000,1
0.225451000,0
0.226635000,1
0.227230000,0
0.227845000,1
0.228414000,0
0.229632000,1
0.230212000,0
0.230827000,1
0.231382000,0
0.232627000,1
0.233178000,0
0.233821000,1
0.234350000,0
0.234971000,1
0.235535000,0
0.236782000,1
0.237317000,0
0.237962000,1
0.238502000,0
0.239147000,1
0.239675000,0
0.240318000,1
0.240860000,0
0.241504000,1
0.536667000,1
