Time [s],Channel 2
-18.319030000,1
0.000000000,0
0.002391000,1
0.002991000,0
0.004175000,1
0.004785000,0
0.005369000,1
0.005958000,0
0.007143000,1
0.007737000,0
0.008320000,1
0.008923000,0
0.010108000,1
0.010704000,0
0.011288000,1
0.011890000,0
0.012473000,1
0.013077000,0
0.014263000,1
0.014874000,0
0.015457000,1
0.016061000,0
0.016644000,1
0.017247000,0
0.017830000,1
0.018435000,0
0.019018000,1
0.044531000,0
0.046897000,1
0.047496000,0
0.048679000,1
0.049277000,0
0.049859000,1
0.050463000,0
0.051646000,1
0.052259000,0
0.052842000,1
0.053430000,0
0.054614000,1
0.055225000,0
0.055808000,1
0.056397000,0
0.056979000,1
0.057582000,0
0.058767000,1
0.059380000,0
0.059963000,1
0.060565000,0
0.061149000,1
0.061754000,0
0.062336000,1
0.062940000,0
0.063523000,1
0.089040000,0
0.091407000,1
0.092004000,0
0.093189000,1
0.093800000,0
0.094383000,1
0.094972000,0
0.096157000,1
0.096768000,0
0.097351000,1
0.097956000,0
0.099141000,1
0.099737000,0
0.100319000,1
0.100922000,0
0.101506000,1
0.102110000,0
0.103294000,1
0.103906000,0
0.104489000,1
0.105078000,0
0.105661000,1
0.106264000,0
0.106846000,1
0.107436000,0
0.108018000,1
0.133536000,0
0.135902000,1
0.136500000,0
0.137684000,1
0.138279000,0
0.138862000,1
0.139465000,0
0.140649000,1
0.141263000,0
0.141846000,1
0.142433000,0
0.143617000,1
0.144228000,0
0.144812000,1
0.145401000,0
0.145983000,1
0.146587000,0
0.147771000,1
0.148368000,0
0.148951000,1
0.149554000,0
0.150136000,1
0.150725000,0
0.151309000,1
0.151911000,0
0.152495000,1
0.178012000,0
0.180378000,1
0.180991000,0
0.182175000,1
0.182787000,0
0.183372000,1
0.183958000,0
0.185143000,1
0.185754000,0
0.186338000,1
0.186926000,0
0.188111000,1
0.188706000,0
0.189289000,1
0.189894000,0
0.190477000,1
0.191080000,0
0.192264000,1
0.192875000,0
0.193458000,1
0.194046000,0
0.194629000,1
0.195232000,0
0.195815000,1
0.196403000,0
0.196987000,1
0.555338000,1
