Time [s],Channel 2
-12.736431000,1
0.000000000,0
0.008910000,1
0.013395000,0
0.013939000,1
0.014505000,0
0.015045000,1
0.015613000,0
0.016153000,1
0.016703000,0
0.017243000,1
0.017809000,0
0.018349000,1
0.018916000,0
0.019455000,1
0.020024000,0
0.020563000,1
0.021114000,0
0.021653000,1
0.022203000,0
0.022743000,1
0.024431000,0
0.024973000,1
0.025525000,0
0.026064000,1
0.027735000,0
0.028277000,1
0.029946000,0
0.030490000,1
0.032161000,0
0.032703000,1
0.034374000,0
0.034916000,1
0.035467000,0
0.036006000,1
0.037676000,0
0.038219000,1
0.039904000,0
0.040448000,1
0.041016000,0
0.041556000,1
0.042106000,0
0.042646000,1
0.043212000,0
0.043752000,1
0.044319000,0
0.044858000,1
0.045426000,0
0.045966000,1
0.046517000,0
0.047056000,1
0.047607000,0
0.048147000,1
0.048698000,0
0.049238000,1
0.050907000,0
0.051451000,1
0.053121000,0
0.053664000,1
0.055335000,0
0.055877000,1
0.057547000,0
0.058090000,1
0.059760000,0
0.060303000,1
0.061974000,0
0.062517000,1
0.064186000,0
0.064729000,1
0.107729000,0
0.116639000,1
0.118925000,0
0.119469000,1
0.215282000,0
0.224193000,1
0.226479000,0
0.227023000,1
0.322838000,0
0.331750000,1
0.334037000,0
0.334580000,1
0.501841000,1
