Time [s],Channel 2
-34.684820000,1
0.000000000,0
0.002367000,1
0.002977000,0
0.004161000,1
0.004775000,0
0.005357000,1
0.005945000,0
0.007129000,1
0.007740000,0
0.008323000,1
0.008911000,0
0.010096000,1
0.010706000,0
0.011290000,1
0.011895000,0
0.012478000,1
0.013082000,0
0.014265000,1
0.014878000,0
0.015461000,1
0.016048000,0
0.016631000,1
0.017236000,0
0.017819000,1
0.018405000,0
0.018988000,1
0.044502000,0
0.046868000,1
0.047466000,0
0.048650000,1
0.049260000,0
0.049844000,1
0.050433000,0
0.051618000,1
0.052213000,0
0.052796000,1
0.053398000,0
0.054583000,1
0.055180000,0
0.055763000,1
0.056365000,0
0.056948000,1
0.057554000,0
0.058737000,1
0.059349000,0
0.059932000,1
0.060536000,0
0.061119000,1
0.061722000,0
0.062305000,1
0.062910000,0
0.063493000,1
0.089008000,0
0.091372000,1
0.091970000,0
0.093155000,1
0.093752000,0
0.094334000,1
0.094937000,0
0.096123000,1
0.096735000,0
0.097318000,1
0.097905000,0
0.099090000,1
0.099701000,0
0.100284000,1
0.100873000,0
0.101455000,1
0.102058000,0
0.103243000,1
0.103856000,0
0.104439000,1
0.105043000,0
0.105624000,1
0.106230000,0
0.106813000,1
0.107415000,0
0.107998000,1
0.133515000,0
0.135880000,1
0.136477000,0
0.137662000,1
0.138273000,0
0.138856000,1
0.139445000,0
0.140629000,1
0.141240000,0
0.141823000,1
0.142428000,0
0.143613000,1
0.144209000,0
0.144791000,1
0.145393000,0
0.145976000,1
0.146583000,0
0.147766000,1
0.148377000,0
0.148960000,1
0.149549000,0
0.150131000,1
0.150735000,0
0.151318000,1
0.151906000,0
0.152490000,1
0.178005000,0
0.180372000,1
0.180968000,0
0.182153000,1
0.182748000,0
0.183331000,1
0.183934000,0
0.185118000,1
0.185732000,0
0.186314000,1
0.186902000,0
0.188086000,1
0.188697000,0
0.189280000,1
0.189869000,0
0.190452000,1
0.191054000,0
0.192240000,1
0.192837000,0
0.193419000,1
0.194023000,0
0.194606000,1
0.195194000,0
0.195777000,1
0.196381000,0
0.196963000,1
0.222479000,0
0.224846000,1
0.225459000,0
0.226643000,1
0.227255000,0
0.227839000,1
0.228425000,0
0.229610000,1
0.230221000,0
0.230804000,1
0.231393000,0
0.232578000,1
0.233172000,0
0.233755000,1
0.234360000,0
0.234943000,1
0.235546000,0
0.236730000,1
0.237341000,0
0.237923000,1
0.238513000,0
0.239096000,1
0.239698000,0
0.240281000,1
0.240870000,0
0.241453000,1
0.573548000,1
