Time [s],Channel 2
-17.145176000,1
-0.000000000,0
0.002366000,1
0.002967000,0
0.004151000,1
0.004746000,0
0.005329000,1
0.005933000,0
0.007117000,1
0.007730000,0
0.008313000,1
0.008901000,0
0.010085000,1
0.010696000,0
0.011279000,1
0.011866000,0
0.012450000,1
0.013052000,0
0.014238000,1
0.014834000,0
0.015417000,1
0.016021000,0
0.016604000,1
0.017192000,0
0.017775000,1
0.018377000,0
0.018961000,1
0.044476000,0
0.046843000,1
0.047456000,0
0.048641000,1
0.049253000,0
0.049837000,1
0.050423000,0
0.051608000,1
0.052218000,0
0.052802000,1
0.053390000,0
0.054575000,1
0.055171000,0
0.055753000,1
0.056357000,0
0.056941000,1
0.057544000,0
0.058728000,1
0.059339000,0
0.059922000,1
0.060509000,0
0.061093000,1
0.061695000,0
0.062278000,1
0.062867000,0
0.063450000,1
0.088963000,0
0.091329000,1
0.091925000,0
0.093110000,1
0.093721000,0
0.094304000,1
0.094910000,0
0.096095000,1
0.096688000,0
0.097272000,1
0.097874000,0
0.099060000,1
0.099672000,0
0.100254000,1
0.100858000,0
0.101441000,1
0.102046000,0
0.103230000,1
0.103825000,0
0.104408000,1
0.105012000,0
0.105595000,1
0.106182000,0
0.106765000,1
0.107370000,0
0.107952000,1
0.133480000,0
0.135846000,1
0.136459000,0
0.137643000,1
0.138256000,0
0.138839000,1
0.139426000,0
0.140610000,1
0.141221000,0
0.141804000,1
0.142394000,0
0.143578000,1
0.144189000,0
0.144772000,1
0.145376000,0
0.145960000,1
0.146562000,0
0.147747000,1
0.148359000,0
0.148943000,1
0.149529000,0
0.150112000,1
0.150716000,0
0.151299000,1
0.151887000,0
0.152469000,1
0.177983000,0
0.180349000,1
0.180946000,0
0.182131000,1
0.182741000,0
0.183324000,1
0.183913000,0
0.185098000,1
0.185692000,0
0.186276000,1
0.186879000,0
0.188063000,1
0.188660000,0
0.189243000,1
0.189846000,0
0.190429000,1
0.191034000,0
0.192218000,1
0.192829000,0
0.193412000,1
0.194017000,0
0.194599000,1
0.195202000,0
0.195785000,1
0.196388000,0
0.196973000,1
0.549544000,1
